number,expiration,cvc,holder
1234567890123456,12/26,123,JOHN SMITH
5678901234567890,09/27,456,JANE SMITH
4111222233334444,03/28,789,MICHAEL JOHNSON
5500111122223333,07/27,321,EMILY DAVIS
3782444444444440,11/29,874,ROBERT WILSON
6011000099990000,06/26,512,SARAH THOMPSON
4916338506082832,01/28,937,JAMES MARTINEZ
5425233430109903,08/30,264,OLIVIA GARCIA
4539578763621486,04/27,615,WILLIAM ANDERSON
3714496353984306,10/28,093,SOPHIA HERNANDEZ
6304000000000000,02/29,448,DANIEL LEWIS
4024007103939509,05/26,731,EMMA WALKER